use mysqlproject;
INSERT INTO `cab_type` (`CAB_ID`, `CAB_TYPE`) VALUES ('97', 'XYLO');
INSERT INTO `cab_type` (`CAB_ID`, `CAB_TYPE`) VALUES ('98', 'ALTO');
INSERT INTO `cab_type` (`CAB_ID`, `CAB_TYPE`) VALUES ('99', 'SUZUKI');

use mysqlproject;
INSERT INTO `cab_details` (`CAB_ID`, `CAB_TYPE`, `SEATER`) VALUES ('97', 'XYLO', '4');
INSERT INTO `cab_details` (`CAB_ID`, `CAB_TYPE`, `SEATER`) VALUES ('98', 'ALTO', '6');
INSERT INTO `cab_details` (`CAB_ID`, `CAB_TYPE`, `SEATER`) VALUES ('99', 'SUZUKI', '4');

USE MYSQLPROJECT;
INSERT INTO `cab_duration` (`CAB_ID`, `CAB_TYPE`, `UP_STATION`, `DOWN_STATION`, `DURATION_HR`, `DISTANCE`) VALUES ('97', 'XYLO', 'NEW DELHI', 'AMRITSAR', '8:00:00', '454');
INSERT INTO `cab_duration` (`CAB_ID`, `CAB_TYPE`, `UP_STATION`, `DOWN_STATION`, `DURATION_HR`, `DISTANCE`) VALUES ('98', 'ALTO', 'NEW DELHI', 'AMRITSAR', '8:00:00', '454');
INSERT INTO `cab_duration` (`CAB_ID`, `CAB_TYPE`, `UP_STATION`, `DOWN_STATION`, `DURATION_HR`, `DISTANCE`) VALUES ('97', 'XYLO', 'NEW DELHI', 'JODHPUR', '10:00:00', '617');
INSERT INTO `cab_duration` (`CAB_ID`, `CAB_TYPE`, `UP_STATION`, `DOWN_STATION`, `DURATION_HR`, `DISTANCE`) VALUES ('98', 'ALTO', 'NEW DELHI', 'JODHPUR', '10:00:00', '617');
INSERT INTO `cab_duration` (`CAB_ID`, `CAB_TYPE`, `UP_STATION`, `DOWN_STATION`, `DURATION_HR`, `DISTANCE`) VALUES ('99', 'SUZUKI', 'NEW DELHI', 'JODHPUR', '10:00:00', '617');
INSERT INTO `cab_duration` (`CAB_ID`, `CAB_TYPE`, `UP_STATION`, `DOWN_STATION`, `DURATION_HR`, `DISTANCE`) VALUES ('97', 'XYLO', 'NEW DELHI', 'AGRA', '3:30:00', '225');
INSERT INTO `cab_duration` (`CAB_ID`, `CAB_TYPE`, `UP_STATION`, `DOWN_STATION`, `DURATION_HR`, `DISTANCE`) VALUES ('98', 'ALTO', 'NEW DELHI', 'AGRA', '3:30:00', '225');
INSERT INTO `cab_duration` (`CAB_ID`, `CAB_TYPE`, `UP_STATION`, `DOWN_STATION`, `DURATION_HR`, `DISTANCE`) VALUES ('99', 'SUZUKI', 'NEW DELHI', 'AGRA', '3:30:00', '225');
INSERT INTO `cab_duration` (`CAB_ID`, `CAB_TYPE`, `UP_STATION`, `DOWN_STATION`, `DURATION_HR`, `DISTANCE`) VALUES ('97', 'XYLO', 'NEW DELHI', 'MUMBAI', '13:00:00', '846');
INSERT INTO `cab_duration` (`CAB_ID`, `CAB_TYPE`, `UP_STATION`, `DOWN_STATION`, `DURATION_HR`, `DISTANCE`) VALUES ('98', 'ALTO', 'NEW DELHI', 'MUMBAI', '13:00:00', '846');
INSERT INTO `cab_duration` (`CAB_ID`, `CAB_TYPE`, `UP_STATION`, `DOWN_STATION`, `DURATION_HR`, `DISTANCE`) VALUES ('99', 'SUZUKI', 'NEW DELHI', 'MUMBAI', '13:00:00', '846');
INSERT INTO `cab_duration` (`CAB_ID`, `CAB_TYPE`, `UP_STATION`, `DOWN_STATION`, `DURATION_HR`, `DISTANCE`) VALUES ('97', 'XYLO', 'NEW DELHI', 'AGRA', '10:30:00', '588');
INSERT INTO `cab_duration` (`CAB_ID`, `CAB_TYPE`, `UP_STATION`, `DOWN_STATION`, `DURATION_HR`, `DISTANCE`) VALUES ('98', 'ALTO', 'NEW DELHI', 'AGRA', '10:30:00', '588');
INSERT INTO `cab_duration` (`CAB_ID`, `CAB_TYPE`, `UP_STATION`, `DOWN_STATION`, `DURATION_HR`, `DISTANCE`) VALUES ('99', 'SUZUKI', 'NEW DELHI', 'AGRA', '10:30:00', '588');
INSERT INTO `cab_duration` (`CAB_ID`, `CAB_TYPE`, `UP_STATION`, `DOWN_STATION`, `DURATION_HR`, `DISTANCE`) VALUES ('97', 'XYLO', 'NEW DELHI', 'KOLKATA', '26:00:00', '1540');
INSERT INTO `cab_duration` (`CAB_ID`, `CAB_TYPE`, `UP_STATION`, `DOWN_STATION`, `DURATION_HR`, `DISTANCE`) VALUES ('98', 'ALTO', 'NEW DELHI', 'KOLKATA', '26:00:00', '1540');
INSERT INTO `cab_duration` (`CAB_ID`, `CAB_TYPE`, `UP_STATION`, `DOWN_STATION`, `DURATION_HR`, `DISTANCE`) VALUES ('97', 'XYLO', 'MUMBAI', 'PUNE', '3:00:00', '148');
INSERT INTO `cab_duration` (`CAB_ID`, `CAB_TYPE`, `UP_STATION`, `DOWN_STATION`, `DURATION_HR`, `DISTANCE`) VALUES ('98', 'ALTO', 'MUMBAI', 'PUNE', '3:00:00', '148');
INSERT INTO `cab_duration` (`CAB_ID`, `CAB_TYPE`, `UP_STATION`, `DOWN_STATION`, `DURATION_HR`, `DISTANCE`) VALUES ('99', 'SUZUKI', 'MUMBAI', 'PUNE', '3:00:00', '148');


USE MYSQLPROJECT;
INSERT INTO `cab_service_city` (`CAB_ID`, `CAB_TYPE`, `UP_STATION`, `DOWN_STATION`, `TOTAL_AVL_CAB`) VALUES ('97', 'XYLO', 'NEW DELHI', 'AMRITSAR', '2');
INSERT INTO `cab_service_city` (`CAB_ID`, `CAB_TYPE`, `UP_STATION`, `DOWN_STATION`, `TOTAL_AVL_CAB`) VALUES ('98', 'ALTO', 'NEW DELHI', 'AMRITSAR', '3');
INSERT INTO `cab_service_city` (`CAB_ID`, `CAB_TYPE`, `UP_STATION`, `DOWN_STATION`, `TOTAL_AVL_CAB`) VALUES ('97', 'XYLO', 'NEW DELHI', 'JODHPUR', '2');
INSERT INTO `cab_service_city` (`CAB_ID`, `CAB_TYPE`, `UP_STATION`, `DOWN_STATION`, `TOTAL_AVL_CAB`) VALUES ('98', 'ALTO', 'NEW DELHI', 'JODHPUR', '3');
INSERT INTO `cab_service_city` (`CAB_ID`, `CAB_TYPE`, `UP_STATION`, `DOWN_STATION`, `TOTAL_AVL_CAB`) VALUES ('99', 'SUZUKI', 'NEW DELHI', 'JODHPUR', '1');
INSERT INTO `cab_service_city` (`CAB_ID`, `CAB_TYPE`, `UP_STATION`, `DOWN_STATION`, `TOTAL_AVL_CAB`) VALUES ('97', 'XYLO', 'NEW DELHI', 'AGRA', '2');
INSERT INTO `cab_service_city` (`CAB_ID`, `CAB_TYPE`, `UP_STATION`, `DOWN_STATION`, `TOTAL_AVL_CAB`) VALUES ('98', 'ALTO', 'NEW DELHI', 'AGRA', '3');
INSERT INTO `cab_service_city` (`CAB_ID`, `CAB_TYPE`, `UP_STATION`, `DOWN_STATION`, `TOTAL_AVL_CAB`) VALUES ('99', 'SUZUKI', 'NEW DELHI', 'AGRA', '1');
INSERT INTO `cab_service_city` (`CAB_ID`, `CAB_TYPE`, `UP_STATION`, `DOWN_STATION`, `TOTAL_AVL_CAB`) VALUES ('97', 'XYLO', 'NEW DELHI', 'MUMBAI', '3');
INSERT INTO `cab_service_city` (`CAB_ID`, `CAB_TYPE`, `UP_STATION`, `DOWN_STATION`, `TOTAL_AVL_CAB`) VALUES ('98', 'ALTO', 'NEW DELHI', 'MUMBAI', '3');
INSERT INTO `cab_service_city` (`CAB_ID`, `CAB_TYPE`, `UP_STATION`, `DOWN_STATION`, `TOTAL_AVL_CAB`) VALUES ('99', 'SUZUKI', 'NEW DELHI', 'MUMBAI', '1');
INSERT INTO `cab_service_city` (`CAB_ID`, `CAB_TYPE`, `UP_STATION`, `DOWN_STATION`, `TOTAL_AVL_CAB`) VALUES ('97', 'XYLO', 'NEW DELHI', 'AGRA', '2');
INSERT INTO `cab_service_city` (`CAB_ID`, `CAB_TYPE`, `UP_STATION`, `DOWN_STATION`, `TOTAL_AVL_CAB`) VALUES ('98', 'ALTO', 'NEW DELHI', 'AGRA', '2');
INSERT INTO `cab_service_city` (`CAB_ID`, `CAB_TYPE`, `UP_STATION`, `DOWN_STATION`, `TOTAL_AVL_CAB`) VALUES ('99', 'SUZUKI', 'NEW DELHI', 'AGRA', '1');
INSERT INTO `cab_service_city` (`CAB_ID`, `CAB_TYPE`, `UP_STATION`, `DOWN_STATION`, `TOTAL_AVL_CAB`) VALUES ('97', 'XYLO', 'NEW DELHI', 'KOLKATA', '1');
INSERT INTO `cab_service_city` (`CAB_ID`, `CAB_TYPE`, `UP_STATION`, `DOWN_STATION`, `TOTAL_AVL_CAB`) VALUES ('98', 'ALTO', 'NEW DELHI', 'KOLKATA', '2');
INSERT INTO `cab_service_city` (`CAB_ID`, `CAB_TYPE`, `UP_STATION`, `DOWN_STATION`, `TOTAL_AVL_CAB`) VALUES ('97', 'XYLO', 'MUMBAI', 'PUNE', '3');
INSERT INTO `cab_service_city` (`CAB_ID`, `CAB_TYPE`, `UP_STATION`, `DOWN_STATION`, `TOTAL_AVL_CAB`) VALUES ('98', 'ALTO', 'MUMBAI', 'PUNE', '3');
INSERT INTO `cab_service_city` (`CAB_ID`, `CAB_TYPE`, `UP_STATION`, `DOWN_STATION`, `TOTAL_AVL_CAB`) VALUES ('99', 'SUZUKI', 'MUMBAI', 'PUNE', '1');


USE MYSQLPROJECT;
INSERT INTO `cab_fare` (`CAB_ID`, `CAB_TYPE`, `UP_STATION`, `DOWN_STATION`, `SEATER`, `CAB_FARE`, `CAB_AVG_RATE_KM`) VALUES ('97', 'XYLO', 'NEW DELHI', 'AMRITSAR', '4', '7000', '15.5');
INSERT INTO `cab_fare` (`CAB_ID`, `CAB_TYPE`, `UP_STATION`, `DOWN_STATION`, `SEATER`, `CAB_FARE`, `CAB_AVG_RATE_KM`) VALUES ('98', 'ALTO', 'NEW DELHI', 'AMRITSAR', '6', '10500', '23.2');
INSERT INTO `cab_fare` (`CAB_ID`, `CAB_TYPE`, `UP_STATION`, `DOWN_STATION`, `SEATER`, `CAB_FARE`, `CAB_AVG_RATE_KM`) VALUES ('97', 'XYLO', 'NEW DELHI', 'JODHPUR', '4', '10500', '17.1');
INSERT INTO `cab_fare` (`CAB_ID`, `CAB_TYPE`, `UP_STATION`, `DOWN_STATION`, `SEATER`, `CAB_FARE`, `CAB_AVG_RATE_KM`) VALUES ('98', 'ALTO', 'NEW DELHI', 'JODHPUR', '6', '15000', '24.4');
INSERT INTO `cab_fare` (`CAB_ID`, `CAB_TYPE`, `UP_STATION`, `DOWN_STATION`, `SEATER`, `CAB_FARE`, `CAB_AVG_RATE_KM`) VALUES ('99', 'SUZUKI', 'NEW DELHI', 'JODHPUR', '4', '10500', '17.1');
INSERT INTO `cab_fare` (`CAB_ID`, `CAB_TYPE`, `UP_STATION`, `DOWN_STATION`, `SEATER`, `CAB_FARE`, `CAB_AVG_RATE_KM`) VALUES ('97', 'XYLO', 'NEW DELHI', 'AGRA', '4', '2500', '11.2');
INSERT INTO `cab_fare` (`CAB_ID`, `CAB_TYPE`, `UP_STATION`, `DOWN_STATION`, `SEATER`, `CAB_FARE`, `CAB_AVG_RATE_KM`) VALUES ('98', 'ALTO', 'NEW DELHI', 'AGRA', '6', '4500', '20');
INSERT INTO `cab_fare` (`CAB_ID`, `CAB_TYPE`, `UP_STATION`, `DOWN_STATION`, `SEATER`, `CAB_FARE`, `CAB_AVG_RATE_KM`) VALUES ('99', 'SUZUKI', 'NEW DELHI', 'AGRA', '4', '3500', '15.6');
INSERT INTO `cab_fare` (`CAB_ID`, `CAB_TYPE`, `UP_STATION`, `DOWN_STATION`, `SEATER`, `CAB_FARE`, `CAB_AVG_RATE_KM`) VALUES ('97', 'XYLO', 'NEW DELHI', 'MUMBAI', '4', '13500', '16');
INSERT INTO `cab_fare` (`CAB_ID`, `CAB_TYPE`, `UP_STATION`, `DOWN_STATION`, `SEATER`, `CAB_FARE`, `CAB_AVG_RATE_KM`) VALUES ('98', 'ALTO', 'NEW DELHI', 'MUMBAI', '6', '15500', '18.4');
INSERT INTO `cab_fare` (`CAB_ID`, `CAB_TYPE`, `UP_STATION`, `DOWN_STATION`, `SEATER`, `CAB_FARE`, `CAB_AVG_RATE_KM`) VALUES ('99', 'SUZUKI', 'NEW DELHI', 'MUMBAI', '4', '12500', '14.8');
INSERT INTO `cab_fare` (`CAB_ID`, `CAB_TYPE`, `UP_STATION`, `DOWN_STATION`, `SEATER`, `CAB_FARE`, `CAB_AVG_RATE_KM`) VALUES ('97', 'XYLO', 'NEW DELHI', 'AGRA', '4', '13000', '22.2');
INSERT INTO `cab_fare` (`CAB_ID`, `CAB_TYPE`, `UP_STATION`, `DOWN_STATION`, `SEATER`, `CAB_FARE`, `CAB_AVG_RATE_KM`) VALUES ('98', 'ALTO', 'NEW DELHI', 'AGRA', '6', '15000', '25.6');
INSERT INTO `cab_fare` (`CAB_ID`, `CAB_TYPE`, `UP_STATION`, `DOWN_STATION`, `SEATER`, `CAB_FARE`, `CAB_AVG_RATE_KM`) VALUES ('99', 'SUZUKI', 'NEW DELHI', 'AGRA', '4', '11000', '18.8');
INSERT INTO `cab_fare` (`CAB_ID`, `CAB_TYPE`, `UP_STATION`, `DOWN_STATION`, `SEATER`, `CAB_FARE`, `CAB_AVG_RATE_KM`) VALUES ('97', 'XYLO', 'NEW DELHI', 'KOLKATA', '4', '30000', '19.5');
INSERT INTO `cab_fare` (`CAB_ID`, `CAB_TYPE`, `UP_STATION`, `DOWN_STATION`, `SEATER`, `CAB_FARE`, `CAB_AVG_RATE_KM`) VALUES ('98', 'ALTO', 'NEW DELHI', 'KOLKATA', '6', '35000', '22.8');
INSERT INTO `cab_fare` (`CAB_ID`, `CAB_TYPE`, `UP_STATION`, `DOWN_STATION`, `SEATER`, `CAB_FARE`, `CAB_AVG_RATE_KM`) VALUES ('97', 'XYLO', 'MUMBAI', 'PUNE', '4', '2700', '18.3');
INSERT INTO `cab_fare` (`CAB_ID`, `CAB_TYPE`, `UP_STATION`, `DOWN_STATION`, `SEATER`, `CAB_FARE`, `CAB_AVG_RATE_KM`) VALUES ('98', 'ALTO', 'MUMBAI', 'PUNE', '6', '5500', '37.2');
INSERT INTO `cab_fare` (`CAB_ID`, `CAB_TYPE`, `UP_STATION`, `DOWN_STATION`, `SEATER`, `CAB_FARE`, `CAB_AVG_RATE_KM`) VALUES ('99', 'SUZUKI', 'MUMBAI', 'PUNE', '4', '2100', '14.2');
INSERT INTO `cab_fare` (`CAB_ID`, `CAB_TYPE`, `UP_STATION`, `DOWN_STATION`, `SEATER`, `CAB_FARE`, `CAB_AVG_RATE_KM`) VALUES ('97', 'XYLO', 'MUMBAI', 'GOA', '4', '11500', '19.6');
INSERT INTO `cab_fare` (`CAB_ID`, `CAB_TYPE`, `UP_STATION`, `DOWN_STATION`, `SEATER`, `CAB_FARE`, `CAB_AVG_RATE_KM`) VALUES ('98', 'ALTO', 'MUMBAI', 'GOA', '6', '14000', '23.9');
INSERT INTO `cab_fare` (`CAB_ID`, `CAB_TYPE`, `UP_STATION`, `DOWN_STATION`, `SEATER`, `CAB_FARE`, `CAB_AVG_RATE_KM`) VALUES ('99', 'SUZUKI', 'MUMBAI', 'GOA', '4', '9900', '17.6');
